<application>
  <component name="Atom Icon Selections Config">
    <option name="selectedFileAssociations">
      <SelectedAssociations>
        <option name="ownAssociations">
          <map>
            <entry key="Index">
              <value>
                <RegexAssociation>
                  <option name="matcher" value="^_?index\.(jsx?|coffee|tsx?|es6|dart|s[ac]ss|css|vue|svelte)$" />
                  <option name="pattern" value="^_?index\.(jsx?|coffee|tsx?|es6|dart|s[ac]ss|css|vue|svelte)$" />
                  <option name="touched" value="true" />
                  <option name="name" value="Index" />
                  <option name="icon" value="/icons/files/index.svg" />
                  <option name="iconColor" value="90A4AE" />
                  <option name="folderColor" />
                  <option name="folderIconColor" />
                </RegexAssociation>
              </value>
            </entry>
            <entry key="Recoil">
              <value>
                <RegexAssociation>
                  <option name="matcher" value=".*\.?(atoms?|[-](selectors)?)\.([cm]?jsx?|tsx?)$" />
                  <option name="pattern" value=".*\.?(atoms?|[-](selectors)?)\.([cm]?jsx?|tsx?)$" />
                  <option name="touched" value="true" />
                  <option name="name" value="Recoil" />
                  <option name="icon" value="/icons/files/recoil.svg" />
                  <option name="iconColor" value="42A5F5" />
                  <option name="folderColor" />
                  <option name="folderIconColor" />
                </RegexAssociation>
              </value>
            </entry>
            <entry key="Recoil Files">
              <value>
                <RegexAssociation>
                  <option name="matcher" value=".*/(atoms?|[-]selectors?|recoil)/[^/]*\.([cm]?jsx?|tsx?)$" />
                  <option name="pattern" value=".*/(atoms?|[-]selectors?|recoil)/[^/]*\.([cm]?jsx?|tsx?)$" />
                  <option name="touched" value="true" />
                  <option name="name" value="Recoil Files" />
                  <option name="icon" value="/icons/files/recoil.svg" />
                  <option name="priority" value="50" />
                  <option name="iconColor" value="42A5F5" />
                  <option name="folderColor" />
                  <option name="folderIconColor" />
                </RegexAssociation>
              </value>
            </entry>
            <entry key="Redux Selector">
              <value>
                <RegexAssociation>
                  <option name="matcher" value=".*[-]([sS])electors?\.([cm]?jsx?|tsx?)$" />
                  <option name="pattern" value=".*[-]([sS])electors?\.([cm]?jsx?|tsx?)$" />
                  <option name="touched" value="true" />
                  <option name="name" value="Redux Selector" />
                  <option name="icon" value="/icons/files/redux-selector.svg" />
                  <option name="iconColor" value="FDD835" />
                  <option name="folderColor" />
                  <option name="folderIconColor" />
                </RegexAssociation>
              </value>
            </entry>
            <entry key="Redux Selector Files">
              <value>
                <RegexAssociation>
                  <option name="matcher" value=".*/[-]selectors?/[^/]*\.[tj]sx?$" />
                  <option name="pattern" value=".*/[-]selectors?/[^/]*\.[tj]sx?$" />
                  <option name="touched" value="true" />
                  <option name="name" value="Redux Selector Files" />
                  <option name="icon" value="/icons/files/redux-selector.svg" />
                  <option name="priority" value="50" />
                  <option name="iconColor" value="FDD835" />
                  <option name="folderColor" />
                  <option name="folderIconColor" />
                </RegexAssociation>
              </value>
            </entry>
            <entry key="Slug">
              <value>
                <RegexAssociation>
                  <option name="matcher" value="^\[.*\].*$" />
                  <option name="pattern" value="^\[.*\].*$" />
                  <option name="enabled" value="false" />
                  <option name="touched" value="true" />
                  <option name="name" value="Slug" />
                  <option name="icon" value="/icons/files/slug.svg" />
                  <option name="iconColor" value="C0CA33" />
                  <option name="folderColor" />
                  <option name="folderIconColor" />
                </RegexAssociation>
              </value>
            </entry>
            <entry key="Slug Files">
              <value>
                <RegexAssociation>
                  <option name="matcher" value=".*/slugs?/.*\.([cm]?jsx?|php|tsx?)$" />
                  <option name="pattern" value=".*/slugs?/.*\.([cm]?jsx?|php|tsx?)$" />
                  <option name="touched" value="true" />
                  <option name="name" value="Slug Files" />
                  <option name="icon" value="/icons/files/slug.svg" />
                  <option name="priority" value="50" />
                  <option name="iconColor" value="C0CA33" />
                  <option name="folderColor" />
                  <option name="folderIconColor" />
                </RegexAssociation>
              </value>
            </entry>
            <entry key="TODO">
              <value>
                <RegexAssociation>
                  <option name="matcher" value="^(TODO|todo).*" />
                  <option name="pattern" value="^(TODO|todo).*" />
                  <option name="enabled" value="false" />
                  <option name="touched" value="true" />
                  <option name="name" value="TODO" />
                  <option name="icon" value="/icons/files/todo.svg" />
                  <option name="iconColor" value="6AAB20" />
                  <option name="folderColor" />
                  <option name="folderIconColor" />
                </RegexAssociation>
              </value>
            </entry>
            <entry key="Todofile">
              <value>
                <RegexAssociation>
                  <option name="matcher" value=".*\.(todo|taskpaper)$" />
                  <option name="pattern" value=".*\.(todo|taskpaper)$" />
                  <option name="enabled" value="false" />
                  <option name="touched" value="true" />
                  <option name="name" value="Todofile" />
                  <option name="icon" value="/icons/files/todo.svg" />
                  <option name="iconColor" value="6AAB20" />
                  <option name="folderColor" />
                  <option name="folderIconColor" />
                </RegexAssociation>
              </value>
            </entry>
          </map>
        </option>
      </SelectedAssociations>
    </option>
    <option name="selectedFolderOpenAssociations">
      <SelectedAssociations>
        <option name="iconType" value="FOLDER_OPEN" />
      </SelectedAssociations>
    </option>
  </component>
</application>