<application>
  <component name="Atom Icon Associations Config">
    <option name="customFileAssociations">
      <CustomAssociations>
        <option name="customAssociations">
          <RegexAssociation>
            <option name="matcher" value=".*\.view\.ts$" />
            <option name="pattern" value=".*\.view\.ts$" />
            <option name="name" value="Angular View" />
            <option name="icon" value="$USER_HOME$/Google Drive/0 - Klonept's config/PyCharm/icons/angularpipe.svg" />
          </RegexAssociation>
          <RegexAssociation>
            <option name="matcher" value=".*\.manager\.ts$" />
            <option name="pattern" value=".*\.manager\.ts$" />
            <option name="name" value="Angular Manager" />
            <option name="icon" value="$USER_HOME$/Google Drive/0 - Klonept's config/PyCharm/icons/angularservice.svg" />
          </RegexAssociation>
          <RegexAssociation>
            <option name="matcher" value=".*\.container\.ts$" />
            <option name="pattern" value=".*\.container\.ts$" />
            <option name="name" value="Angular Container" />
            <option name="icon" value="$USER_HOME$/Google Drive/0 - Klonept's config/PyCharm/icons/angularcomponent.svg" />
          </RegexAssociation>
          <RegexAssociation>
            <option name="matcher" value=".*\.presenter\.ts$" />
            <option name="pattern" value=".*\.presenter\.ts$" />
            <option name="name" value="Angular Presenter" />
            <option name="icon" value="$USER_HOME$/Google Drive/0 - Klonept's config/PyCharm/icons/angularresolver.svg" />
          </RegexAssociation>
        </option>
      </CustomAssociations>
    </option>
  </component>
</application>