<application>
  <component name="CodeFoldingSettings">
    <option name="COLLAPSE_IMPORTS" value="false" />
    <option name="COLLAPSE_FILE_HEADER" value="false" />
  </component>
  <component name="CodeVisionSettings">
    <option name="codeVisionGroupToPosition">
      <map>
        <entry key="inheritors" value="Default" />
        <entry key="references" value="Default" />
        <entry key="vcs.code.vision" value="Default" />
      </map>
    </option>
    <option name="disabledCodeVisionProviderIds">
      <set>
        <option value="inheritors" />
        <option value="vcs.code.vision" />
      </set>
    </option>
  </component>
  <component name="DaemonCodeAnalyzerSettings">
    <option name="AUTOREPARSE_DELAY" value="0" />
  </component>
  <component name="DeclarativeInlayHintsSettings">
    <option name="providerIdToEnabled">
      <map>
        <entry key="js.chain.hints" value="true" />
        <entry key="js.type.hints" value="true" />
        <entry key="qodana.yaml.inspection.descriptions" value="true" />
        <entry key="ts.chain.hints" value="true" />
        <entry key="ts.enum.hints" value="true" />
        <entry key="ts.type.hints" value="true" />
      </map>
    </option>
  </component>
  <component name="DefaultFont">
    <option name="FONT_SIZE" value="15" />
  </component>
  <component name="EditorSettings">
    <option name="SOFT_WRAP_FILE_MASKS" value="*.md; *.txt; *.rst; *.adoc" />
    <option name="STRIP_TRAILING_SPACES" value="Whole" />
    <option name="IS_ENSURE_NEWLINE_AT_EOF" value="true" />
    <option name="IS_WHEEL_FONTCHANGE_ENABLED" value="true" />
  </component>
  <component name="InlayHintsSettings">
    <option name="lastViewedProviderKeyId" value="JavaScript.parameter.hints.old.js.only.show.names.for.tagged" />
  </component>
  <component name="TodoConfiguration">
    <pattern pattern="\btodo\b.*" />
    <pattern pattern="\bfixme\b.*" />
  </component>
</application>