<application>
  <component name="FindSettings">
    <option name="customScope" value="Project Files" />
    <option name="defaultScopeName" value="Project Files" />
    <option name="SEARCH_SCOPE" value="Project Files" />
    <mask>*.xml</mask>
    <mask>*.css</mask>
    <mask>*.htm</mask>
    <mask>*.sht</mask>
    <mask>*.shtm</mask>
    <mask>*.ng</mask>
    <mask>*.shtml</mask>
    <mask>*.mts</mask>
    <mask>*.ats</mask>
    <mask>*.cts</mask>
    <mask>*.cjs</mask>
    <mask>*.js</mask>
    <mask>!*.py</mask>
    <mask>*.jinja</mask>
    <mask>!*.py*</mask>
    <mask>*interface.ts</mask>
    <mask>*.ts</mask>
    <mask>*.scss</mask>
    <mask>*.html</mask>
    <mask>*py</mask>
    <mask>*.py</mask>
    <mask>*scss</mask>
    <mask>*data.*</mask>
    <mask>*spec.ts</mask>
  </component>
</application>