<application>
  <component name="LanguageInjectionConfiguration">
    <injection language="SQLite" injector-id="js">
      <display-name>flash.data (SQLite)</display-name>
      <place><![CDATA[jsLiteral().and(asAssignedValue("text", "*", "dbStatement"))]]></place>
      <place><![CDATA[jsLiteral().and(asAssignedValue("text", "flash.data.SQLStatement"))]]></place>
    </injection>
    <injection language="JSON" injector-id="xml">
      <display-name>source/@srcset</display-name>
      <single-file />
      <place><![CDATA[xmlAttribute().withLocalName(string().equalTo("srcset")).withParent(xmlTag().withLocalName(string().equalTo("source")).withNamespace(string().equalTo("http://www.w3.org/1999/html")))]]></place>
    </injection>
    <injection language="HTML" injector-id="xml">
      <display-name>source/@srcset</display-name>
      <single-file />
      <place><![CDATA[xmlAttribute().withLocalName(string().equalTo("srcset")).withParent(xmlTag().withLocalName(string().equalTo("source")).withNamespace(string().equalTo("http://www.w3.org/1999/html")))]]></place>
    </injection>
  </component>
</application>