<application>
  <component name="NodeJsLocalInterpreterManager">
    <local-interpreter path="$USER_HOME$/.nvm/versions/node/v20.12.1/bin/node">
      <version-cache version="20.12.1" last-modified="1712104853000" />
    </local-interpreter>
    <local-interpreter path="$USER_HOME$/.nvm/versions/node/v20.10.0/bin/node">
      <version-cache version="20.10.0" last-modified="1700651864000" />
    </local-interpreter>
    <local-interpreter path="/usr/local/bin/node">
      <version-cache version="20.8.0" last-modified="1695938667000" />
    </local-interpreter>
    <local-interpreter path="/usr/local/Cellar/node/20.5.1/bin/node">
      <version-cache version="20.5.1" last-modified="1691588250000" />
    </local-interpreter>
    <local-interpreter path="$USER_HOME$/.nvm/versions/node/v19.8.1/bin/node">
      <version-cache version="19.8.1" last-modified="1678896655000" />
    </local-interpreter>
    <local-interpreter path="$USER_HOME$/.nvm/versions/node/v19.4.0/bin/node">
      <version-cache version="19.4.0" last-modified="1672954644000" />
    </local-interpreter>
    <local-interpreter path="$USER_HOME$/.nvm/versions/node/v18.18.0/bin/node">
      <version-cache version="18.18.0" last-modified="1695015788000" />
    </local-interpreter>
    <local-interpreter path="$USER_HOME$/.nvm/versions/node/v18.10.0/bin/node">
      <version-cache version="18.10.0" last-modified="1664377694000" />
    </local-interpreter>
    <local-interpreter path="$USER_HOME$/.nvm/versions/node/v16.16.0/bin/node">
      <version-cache version="16.16.0" last-modified="1657200991000" />
    </local-interpreter>
    <local-interpreter path="$USER_HOME$/.nvm/versions/node/v16.15.1/bin/node">
      <version-cache version="16.15.1" last-modified="1654116748000" />
    </local-interpreter>
    <local-interpreter path="$USER_HOME$/.nvm/versions/node/v16.14.2/bin/node">
      <version-cache version="16.14.2" last-modified="1647557251000" />
    </local-interpreter>
    <local-interpreter path="$USER_HOME$/.nvm/versions/node/v16.13.2/bin/node">
      <version-cache version="16.13.2" last-modified="1641853760000" />
    </local-interpreter>
    <local-interpreter path="$USER_HOME$/.nvm/versions/node/v16.13.0/bin/node">
      <version-cache version="16.13.0" last-modified="1635264114000" />
    </local-interpreter>
    <local-interpreter path="$USER_HOME$/.nvm/versions/node/v14.17.0/bin/node">
      <version-cache version="14.17.0" last-modified="1620757815000" />
    </local-interpreter>
    <local-interpreter path="$USER_HOME$/.nvm/versions/node/v14.16.0/bin/node">
      <version-cache version="14.16.0" last-modified="1614040154000" />
    </local-interpreter>
    <local-interpreter path="$USER_HOME$/.nvm/versions/node/v14.15.0/bin/node">
      <version-cache version="14.15.0" last-modified="1603799074000" />
    </local-interpreter>
    <local-interpreter path="$USER_HOME$/.nvm/versions/node/v14.4.0/bin/node">
      <version-cache version="14.4.0" last-modified="1591111008000" />
    </local-interpreter>
    <local-interpreter path="$USER_HOME$/.nvm/versions/node/v12.22.2/bin/node">
      <version-cache version="12.22.2" last-modified="1625136057000" />
    </local-interpreter>
    <local-interpreter path="$USER_HOME$/.nvm/versions/node/v12.22.1/bin/node">
      <version-cache version="12.22.1" last-modified="1617727857000" />
    </local-interpreter>
    <local-interpreter path="$USER_HOME$/.nvm/versions/node/v12.14.0/bin/node">
      <version-cache version="12.14.0" last-modified="1576567284000" />
    </local-interpreter>
    <local-interpreter path="$USER_HOME$/.nvm/versions/node/v12.13.1/bin/node">
      <version-cache version="12.13.1" last-modified="1574155395000" />
    </local-interpreter>
    <local-interpreter path="$USER_HOME$/.nvm/versions/node/v10.17.0/bin/node">
      <version-cache version="10.17.0" last-modified="1571763177000" />
    </local-interpreter>
    <local-interpreter path="$USER_HOME$/.nvm/versions/node/v10.15.3/bin/node">
      <version-cache version="10.15.3" last-modified="1551798857000" />
    </local-interpreter>
    <local-interpreter path="$USER_HOME$/.nvm/versions/node/v8.17.0/bin/node">
      <version-cache version="8.17.0" last-modified="1576566327000" />
    </local-interpreter>
    <local-interpreter path="$USER_HOME$/.nvm/versions/node/v8.16.1/bin/node">
      <version-cache version="8.16.1" last-modified="1565895227000" />
    </local-interpreter>
    <local-interpreter path="$USER_HOME$/.nvm/versions/node/v8.15.0/bin/node">
      <version-cache version="8.15.0" last-modified="1545800302000" />
    </local-interpreter>
    <local-interpreter path="$USER_HOME$/.nvm/versions/node/v8.9.4/bin/node">
      <version-cache version="8.9.4" last-modified="1514946735000" />
    </local-interpreter>
  </component>
</application>