<application>
  <component name="OverrideFileTypeManager">
    <file url="file://$APPLICATION_CONFIG_DIR$/scratches/graphql-query.js" value="GraphQL" />
    <file url="file://$USER_HOME$/workspace/bynd-ui-library/src/components/Footer/__snapshots__/Footer.spec.tsx.snap" value="JSX Harmony" />
    <file url="file://$USER_HOME$/workspace/bynd-ui-library/src/components/ImageGrid/ImageGrid.module.css" value="SCSS" />
    <file url="file://$USER_HOME$/workspace/eblock-landing-website/src/components/LocaleSelector/LocaleSelector.jsx" value="JSX Harmony" />
    <file url="file://$USER_HOME$/workspace/eblock-old-website/.env.development" value=".env file" />
    <file url="file://$USER_HOME$/workspace/gweb-economicimpactuk/app/node_modules/@google/glue/lib/carousel/index.js" value="JavaScript" />
    <file url="file://$USER_HOME$/workspace/gweb-economicimpactuk/app/src/header.jinja" value="Twig" />
    <file url="file://$USER_HOME$/workspace/parameta-website/src/components/LogoGrid/LogoGrid.module.css" value="SCSS" />
  </component>
</application>