<application>
  <component name="RelativeLineNumbersSettings">
    <option name="showingCurrentLine" value="false" />
  </component>
  <component name="VimEditorSettings">
    <editor />
  </component>
  <component name="VimKeySettings">
    <shortcut-conflicts>
      <shortcut-conflict owner="vim">
        <text encoding="base64">Y3RybCBwcmVzc2VkIEY=</text>
      </shortcut-conflict>
      <shortcut-conflict owner="vim">
        <text encoding="base64">Y3RybCBwcmVzc2VkIFY=</text>
      </shortcut-conflict>
      <shortcut-conflict owner="ide">
        <text encoding="base64">c2hpZnQgcHJlc3NlZCBUQUI=</text>
      </shortcut-conflict>
      <shortcut-conflict owner="vim">
        <text encoding="base64">Y3RybCBwcmVzc2VkIEo=</text>
      </shortcut-conflict>
      <shortcut-conflict owner="vim">
        <text encoding="base64">Y3RybCBwcmVzc2VkIEc=</text>
      </shortcut-conflict>
      <shortcut-conflict owner="ide">
        <text encoding="base64">Y3RybCBwcmVzc2VkIEU=</text>
      </shortcut-conflict>
      <shortcut-conflict owner="vim">
        <text encoding="base64">c2hpZnQgY3RybCBwcmVzc2VkIDY=</text>
      </shortcut-conflict>
    </shortcut-conflicts>
  </component>
  <component name="VimSettings">
    <state version="7" enabled="true" />
    <notifications>
      <idea-join enabled="true" />
      <idea-put enabled="false" />
    </notifications>
  </component>
</application>