<code_scheme name="Default" version="173">
  <option name="LINE_SEPARATOR" value="&#10;" />
  <Ruby>
    <option name="INDENT_WHEN_CASES" value="true" />
  </Ruby>
  <TypeScriptCodeStyleSettings version="0">
    <option name="REFORMAT_C_STYLE_COMMENTS" value="true" />
    <option name="USE_DOUBLE_QUOTES" value="false" />
    <option name="SPACES_WITHIN_OBJECT_LITERAL_BRACES" value="true" />
    <option name="SPACES_WITHIN_IMPORTS" value="true" />
  </TypeScriptCodeStyleSettings>
  <codeStyleSettings language="HTML">
    <option name="RIGHT_MARGIN" value="140" />
  </codeStyleSettings>
  <codeStyleSettings language="TypeScript">
    <option name="RIGHT_MARGIN" value="90" />
    <option name="KEEP_FIRST_COLUMN_COMMENT" value="false" />
    <option name="ELSE_ON_NEW_LINE" value="true" />
    <option name="ALIGN_MULTILINE_CHAINED_METHODS" value="true" />
    <option name="SPACE_WITHIN_PARENTHESES" value="true" />
  </codeStyleSettings>
  <codeStyleSettings language="ruby">
    <option name="ALIGN_GROUP_FIELD_DECLARATIONS" value="true" />
    <option name="SPACE_WITHIN_BRACES" value="true" />
    <option name="SPACE_WITHIN_ARRAY_INITIALIZER_BRACES" value="true" />
    <indentOptions>
      <option name="KEEP_INDENTS_ON_EMPTY_LINES" value="true" />
    </indentOptions>
  </codeStyleSettings>
</code_scheme>