<profile version="1.0">
  <option name="myName" value="Default" />
  <inspection_tool class="AngularMissingOrInvalidDeclarationInModule" enabled="true" level="INFORMATION" enabled_by_default="true" />
  <inspection_tool class="BuyFluidPluginNoteInspection" enabled="false" level="WARNING" enabled_by_default="false" />
  <inspection_tool class="CssUnknownProperty" enabled="true" level="WARNING" enabled_by_default="true">
    <option name="myCustomPropertiesEnabled" value="true" />
    <option name="myIgnoreVendorSpecificProperties" value="false" />
    <option name="myCustomPropertiesList">
      <value>
        <list size="1">
          <item index="0" class="java.lang.String" itemvalue="justify-content" />
        </list>
      </value>
    </option>
  </inspection_tool>
  <inspection_tool class="ES6PreferShortImport" enabled="false" level="WARNING" enabled_by_default="false" />
  <inspection_tool class="Eslint" enabled="true" level="WARNING" enabled_by_default="true" />
  <inspection_tool class="HtmlFormInputWithoutLabel" enabled="false" level="WARNING" enabled_by_default="false" />
  <inspection_tool class="PyCompatibilityInspection" enabled="true" level="WARNING" enabled_by_default="true">
    <option name="ourVersions">
      <value>
        <list size="6">
          <item index="0" class="java.lang.String" itemvalue="2.7" />
          <item index="1" class="java.lang.String" itemvalue="3.7" />
          <item index="2" class="java.lang.String" itemvalue="3.8" />
          <item index="3" class="java.lang.String" itemvalue="3.9" />
          <item index="4" class="java.lang.String" itemvalue="3.10" />
          <item index="5" class="java.lang.String" itemvalue="3.11" />
        </list>
      </value>
    </option>
  </inspection_tool>
  <inspection_tool class="Stylelint" enabled="true" level="ERROR" enabled_by_default="true" />
  <inspection_tool class="TsLint" enabled="true" level="WARNING" enabled_by_default="true" />
</profile>