<profile version="1.0">
  <option name="myName" value="Default" />
  <inspection_tool class="BuyFluidPluginNoteInspection" enabled="false" level="WARNING" enabled_by_default="false" />
  <inspection_tool class="CssUnknownProperty" enabled="true" level="WARNING" enabled_by_default="true">
    <option name="myCustomPropertiesEnabled" value="true" />
    <option name="myIgnoreVendorSpecificProperties" value="false" />
    <option name="myCustomPropertiesList">
      <value>
        <list size="1">
          <item index="0" class="java.lang.String" itemvalue="justify-content" />
        </list>
      </value>
    </option>
  </inspection_tool>
  <inspection_tool class="ES6PreferShortImport" enabled="false" level="WARNING" enabled_by_default="false" />
  <inspection_tool class="Eslint" enabled="true" level="WARNING" enabled_by_default="true" />
  <inspection_tool class="HtmlFormInputWithoutLabel" enabled="false" level="WARNING" enabled_by_default="false" />
  <inspection_tool class="PyCompatibilityInspection" enabled="true" level="WARNING" enabled_by_default="true">
    <option name="ourVersions">
      <value>
        <list size="2">
          <item index="0" class="java.lang.String" itemvalue="3.7" />
          <item index="1" class="java.lang.String" itemvalue="3.8" />
        </list>
      </value>
    </option>
  </inspection_tool>
  <inspection_tool class="TsLint" enabled="true" level="WARNING" enabled_by_default="true" />
</profile>