<application>
  <component name="FileTypeManager" version="19">
    <extensionMap>
      <mapping ext="eot" type="AUTO_DETECTED" />
      <mapping pattern="mock_default_document_paragraphs" type="JSON" />
      <mapping pattern="mock_default_document_paragraphs.json" type="JSON" />
      <mapping pattern=".editoricons" type="JSON" />
      <mapping pattern=".nycrc" type="JSON" />
      <mapping pattern="list-provisions.json" type="Native" />
      <mapping pattern=".gitattributes2" type="Native" />
      <mapping pattern="docker-compose-yml" type="PLAIN_TEXT" />
      <mapping pattern="testing_sync" type="PLAIN_TEXT" />
      <mapping pattern="postgres" type="PLAIN_TEXT" />
      <mapping pattern="get-language-id-translation-token.pipe.ts" type="PLAIN_TEXT" />
      <mapping pattern=".gitkeep" type="PLAIN_TEXT" />
      <mapping pattern=".zshrc" type="PLAIN_TEXT" />
      <mapping pattern=".developer" type="PLAIN_TEXT" />
      <mapping ext="ftl" type="PLAIN_TEXT" />
      <mapping ext="woff" type="PLAIN_TEXT" />
      <mapping pattern="*module.css" type="SCSS" />
      <mapping ext="ttf" type="SCSS" />
      <mapping pattern="*.jinja*" type="Twig" />
      <mapping pattern="loading-provisions-state" type="TypeScript" />
      <mapping pattern="document-view" type="TypeScript" />
      <mapping pattern=".env.development" type="YAML" />
      <mapping pattern="docker-compose.yml" type="YAML" />
      <mapping ext="config" type="YAML" />
      <removed_mapping ext="dockerignore" approved="true" type="DockerIgnore file" />
      <removed_mapping ext="ignore" approved="true" type="IgnoreLang file" />
      <removed_mapping ext="jinja2" approved="true" type="Twig" />
      <removed_mapping ext="pdf" approved="true" type="Native" />
      <removed_mapping ext="txt" approved="true" type="PLAIN_TEXT" />
      <removed_mapping pattern=".editoricons" approved="true" type="PLAIN_TEXT" />
      <removed_mapping pattern=".env.local" approved="true" type="Shell Script" />
      <removed_mapping pattern=".nycrc" approved="true" type="PLAIN_TEXT" />
      <mapping pattern=".gitattributes" type="Git file" />
    </extensionMap>
  </component>
</application>