<keymap version="1" name="Mac OS X 10.5+ copy 1" parent="Mac OS X 10.5+">
  <action id="ActivateBookmarksToolWindow" />
  <action id="ActivateFindToolWindow" />
  <action id="ActivateProjectToolWindow" />
  <action id="ActivateServicesToolWindow">
    <keyboard-shortcut first-keystroke="meta 3" />
  </action>
  <action id="ActivateTerminalToolWindow">
    <keyboard-shortcut first-keystroke="meta 1" />
  </action>
  <action id="ActivateVersionControlToolWindow">
    <keyboard-shortcut first-keystroke="meta 2" />
  </action>
  <action id="AutoIndentLines">
    <keyboard-shortcut first-keystroke="meta alt i" />
  </action>
  <action id="CommentByBlockComment">
    <keyboard-shortcut first-keystroke="meta alt slash" />
    <keyboard-shortcut first-keystroke="meta alt divide" />
    <keyboard-shortcut first-keystroke="shift ctrl slash" />
    <keyboard-shortcut first-keystroke="shift ctrl divide" />
    <keyboard-shortcut first-keystroke="shift meta slash" />
    <keyboard-shortcut first-keystroke="shift meta divide" />
    <keyboard-shortcut first-keystroke="shift meta divide" />
    <keyboard-shortcut first-keystroke="shift ctrl a" />
  </action>
  <action id="CommentByLineComment">
    <keyboard-shortcut first-keystroke="meta slash" />
    <keyboard-shortcut first-keystroke="meta divide" />
    <keyboard-shortcut first-keystroke="shift ctrl 7" />
  </action>
  <action id="DuplicatesForm.SendToLeft" />
  <action id="ExpandAllRegions">
    <keyboard-shortcut first-keystroke="shift meta back_slash" />
  </action>
  <action id="ExpandRegion">
    <keyboard-shortcut first-keystroke="meta add" />
    <keyboard-shortcut first-keystroke="meta equals" />
    <keyboard-shortcut first-keystroke="meta back_slash" />
  </action>
  <action id="ExpandRegionRecursively">
    <keyboard-shortcut first-keystroke="meta alt back_slash" />
  </action>
  <action id="FileChooser.GotoHome" />
  <action id="FileChooser.GotoModule" />
  <action id="GotoTest" />
  <action id="GotoUrlAction" />
  <action id="Macro.save - enhanced">
    <keyboard-shortcut first-keystroke="meta s" />
  </action>
  <action id="ReopenClosedTab">
    <keyboard-shortcut first-keystroke="shift meta t" />
  </action>
  <action id="SaveAll" />
  <action id="ServiceView.ShowServices" />
  <action id="ToggleBookmark7" />
  <action id="copilot.disposeInlays" />
</keymap>