<keymap version="1" name="Mac OS X 10.5+ copy 1" parent="Mac OS X 10.5+">
  <action id="ActivateFindToolWindow" />
  <action id="ActivateRunToolWindow">
    <keyboard-shortcut first-keystroke="meta 8" />
  </action>
  <action id="ActivateServicesToolWindow">
    <keyboard-shortcut first-keystroke="meta 4" />
  </action>
  <action id="ActivateTerminalToolWindow">
    <keyboard-shortcut first-keystroke="meta 3" />
  </action>
  <action id="AutoIndentLines">
    <keyboard-shortcut first-keystroke="meta alt i" />
  </action>
  <action id="CommentByBlockComment">
    <keyboard-shortcut first-keystroke="meta alt slash" />
    <keyboard-shortcut first-keystroke="meta alt divide" />
    <keyboard-shortcut first-keystroke="shift ctrl slash" />
    <keyboard-shortcut first-keystroke="shift ctrl divide" />
    <keyboard-shortcut first-keystroke="shift meta slash" />
    <keyboard-shortcut first-keystroke="shift meta divide" />
    <keyboard-shortcut first-keystroke="shift meta divide" />
    <keyboard-shortcut first-keystroke="shift ctrl a" />
  </action>
  <action id="CommentByLineComment">
    <keyboard-shortcut first-keystroke="meta slash" />
    <keyboard-shortcut first-keystroke="meta divide" />
    <keyboard-shortcut first-keystroke="shift ctrl 7" />
  </action>
  <action id="FileChooser.GotoModule" />
  <action id="GotoTest" />
  <action id="Macro.save - enhanced">
    <keyboard-shortcut first-keystroke="meta s" />
  </action>
  <action id="ReopenClosedTab">
    <keyboard-shortcut first-keystroke="shift meta t" />
  </action>
  <action id="SaveAll" />
  <action id="ServiceView.ShowServices" />
  <action id="ToggleBookmark7" />
</keymap>