<keymap version="1" name="Default copy" parent="$default">
  <action id="ActivateTerminalToolWindow">
    <keyboard-shortcut first-keystroke="alt f12" />
    <keyboard-shortcut first-keystroke="ctrl #10000c7" />
  </action>
  <action id="BraceOrQuoteOut" />
  <action id="CommentByBlockComment">
    <keyboard-shortcut first-keystroke="shift ctrl a" />
  </action>
  <action id="CommentByLineComment">
    <keyboard-shortcut first-keystroke="shift ctrl 7" />
  </action>
  <action id="EditorChooseLookupItemReplace" />
  <action id="ExpandLiveTemplateByTab" />
  <action id="GotoAction" />
  <action id="HideActiveWindow">
    <keyboard-shortcut first-keystroke="shift escape" />
    <keyboard-shortcut first-keystroke="ctrl #10000ba" />
  </action>
  <action id="NextParameter" />
  <action id="NextTemplateParameter" />
  <action id="NextTemplateVariable">
    <keyboard-shortcut first-keystroke="enter" />
  </action>
  <action id="SearchEverywhere.CompleteCommand" />
  <action id="SearchEverywhere.NextTab" />
  <action id="ToggleBookmark7" />
  <action id="com.jetbrains.plugins.remotesdk.console.RunSshConsoleAction">
    <keyboard-shortcut first-keystroke="shift ctrl #10000c7" />
  </action>
  <action id="org.jetbrains.plugins.ruby.rails.console.ReloadSources" />
</keymap>